id,numero,año,sede,paginas
1985-I,I,1985,Sevilla,https://olimpiada.saemthales.es/node/48 https://thales.cica.es/olimpiada2/?q=node/48
1986-II,II,1986,Málaga,https://olimpiada.saemthales.es/node/46 https://thales.cica.es/olimpiada2/?q=node/46
1987-III,III,1987,Huelva,https://olimpiada.saemthales.es/node/44 https://thales.cica.es/olimpiada2/?q=node/44
1988-IV,IV,1988,Huelva,https://olimpiada.saemthales.es/node/45 https://thales.cica.es/olimpiada2/?q=node/45
1989-V,V,1989,Granada,https://olimpiada.saemthales.es/node/41 https://thales.cica.es/olimpiada2/?q=node/41
1990-VI,VI,1990,Almería,https://olimpiada.saemthales.es/node/42 https://thales.cica.es/olimpiada2/?q=node/42
1991-VII,VII,1991,Cádiz,https://olimpiada.saemthales.es/node/39 https://thales.cica.es/olimpiada2/?q=node/39
1992-VIII,VIII,1992,Córdoba,https://olimpiada.saemthales.es/node/36 https://thales.cica.es/olimpiada2/?q=node/36
1993-IX,IX,1993,Jaén,https://olimpiada.saemthales.es/node/37 https://thales.cica.es/olimpiada2/?q=node/37
1994-X,X,1994,Almería,https://olimpiada.saemthales.es/node/34 https://thales.cica.es/olimpiada2/?q=node/34
1995-XI,XI,1995,Granada,https://olimpiada.saemthales.es/node/32 https://thales.cica.es/olimpiada2/?q=node/32
1996-XII,XII,1996,Málaga,https://olimpiada.saemthales.es/node/30 https://thales.cica.es/olimpiada2/?q=node/30
1997-XIII,XIII,1997,Cádiz,https://olimpiada.saemthales.es/node/28 https://thales.cica.es/olimpiada2/?q=node/28
1998-XIV,XIV,1998,Cádiz,https://olimpiada.saemthales.es/node/26 https://thales.cica.es/olimpiada2/?q=node/26
1999-XV,XV,1999,Sevilla,https://olimpiada.saemthales.es/node/24 https://thales.cica.es/olimpiada2/?q=node/24
2000-XVI,XVI,2000,Jaén,https://olimpiada.saemthales.es/node/22 https://thales.cica.es/olimpiada2/?q=node/22
2001-XVII,XVII,2001,Huelva,https://olimpiada.saemthales.es/node/20 https://thales.cica.es/olimpiada2/?q=node/20
2002-XVIII,XVIII,2002,Córdoba,https://olimpiada.saemthales.es/node/18 https://thales.cica.es/olimpiada2/?q=node/18
2003-XIX,XIX,2003,Granada,https://olimpiada.saemthales.es/node/16 https://thales.cica.es/olimpiada2/?q=node/16
2004-XX,XX,2004,Almería,https://olimpiada.saemthales.es/node/14 https://thales.cica.es/olimpiada2/?q=node/14
2005-XXI,XXI,2005,Málaga,https://olimpiada.saemthales.es/node/12 https://thales.cica.es/olimpiada2/?q=node/12
2006-XXII,XXII,2006,Sevilla,https://olimpiada.saemthales.es/node/9 https://thales.cica.es/olimpiada2/?q=node/9
2007-XXIII,XXIII,2007,Cádiz,https://olimpiada.saemthales.es/node/6 https://thales.cica.es/olimpiada2/?q=node/6
2008-XXIV,XXIV,2008,Jaén,https://olimpiada.saemthales.es/node/1090 https://thales.cica.es/olimpiada2/?q=node/1090
2009-XXV,XXV,2009,Huelva,https://olimpiada.saemthales.es/node/1383 https://thales.cica.es/olimpiada2/?q=node/1383
2010-XXVI,XXVI,2010,Granada,https://olimpiada.saemthales.es/node/1520 https://thales.cica.es/olimpiada2/?q=node/1520
2011-XXVII,XXVII,2011,Córdoba,https://olimpiada.saemthales.es/node/1610 https://thales.cica.es/olimpiada2/?q=node/1610
2012-XXVIII,XXVIII,2012,Cádiz,https://olimpiada.saemthales.es/node/1620 https://thales.cica.es/olimpiada2/?q=node/1620
2013-XXIX,XXIX,2013,Almería,https://olimpiada.saemthales.es/node/1634 https://thales.cica.es/olimpiada2/?q=node/1634
2014-XXX,XXX,2014,Málaga,https://olimpiada.saemthales.es/node/1639 https://thales.cica.es/olimpiada2/?q=node/1639
2015-XXXI,XXXI,2015,Huelva,https://olimpiada.saemthales.es/node/1642 https://thales.cica.es/olimpiada2/?q=node/1642
2016-XXXII,XXXII,2016,Sevilla,https://olimpiada.saemthales.es/node/1640 https://thales.cica.es/olimpiada2/?q=node/1640
2017-XXXIII,XXXIII,2017,Jaén,https://olimpiada.saemthales.es/node/1647 https://thales.cica.es/olimpiada2/?q=node/1647
2018-XXXIV,XXXIV,2018,Granada,https://olimpiada.saemthales.es/node/1650 https://thales.cica.es/olimpiada2/?q=node/1650
2019-XXXV,XXXV,2019,Córdoba,https://olimpiada.saemthales.es/node/1658 https://thales.cica.es/olimpiada2/?q=node/1658
2021-XXXVI,XXXVI,2021,Cádiz,https://olimpiada.saemthales.es/node/1668 https://thales.cica.es/olimpiada2/?q=node/1668
2022-XXXVII,XXXVII,2022,Málaga,https://olimpiada.saemthales.es/node/1670 https://thales.cica.es/olimpiada2/?q=node/1670
2023-XXXVIII,XXXVIII,2023,Almería,https://olimpiada.saemthales.es/node/1671 https://thales.cica.es/olimpiada2/?q=node/1671
2024-XXXIX,XXXIX,2024,,https://olimpiada.saemthales.es/node/1675 https://olimpiada.saemthales.es/node/1673 https://thales.cica.es/olimpiada2/?q=node/1675 https://thales.cica.es/olimpiada2/?q=node/1673
2025-XL,XL,2025,,https://olimpiada.saemthales.es/node/1684 https://olimpiada.saemthales.es/node/1682 https://thales.cica.es/olimpiada2/?q=node/1684 https://thales.cica.es/olimpiada2/?q=node/1682
2026-XLI,XLI,2026,,https://olimpiada.saemthales.es/node/1686 https://thales.cica.es/olimpiada2/?q=node/1686
